RowNumber,CustomerId,Surname,CreditScore,Geography,Gender,Age,Tenure,Balance,NumOfProducts,HasCrCard,IsActiveMember,EstimatedSalary,Exited
1,15721958,Smith,796,France,Male,22,8,183876.4016218844,1,1,0,180712.65310207175,1
2,15746867,Smith,418,Germany,Female,62,1,58964.39978592177,2,0,0,15537.378789996366,1
3,15731932,Smith,627,Spain,Male,75,2,92855.50046826144,3,0,0,165775.9665378292,1
4,15703694,Smith,698,Spain,Female,48,6,15635.556724342108,4,1,1,69784.52610761429,1
5,15719879,Smith,596,Spain,Male,40,4,200341.72895487974,1,1,1,104324.66320831153,1
6,15710268,Smith,800,Spain,Female,59,1,191647.13099291082,4,1,1,158899.18187336164,1
7,15654886,Smith,425,Spain,Male,27,2,183403.95751057813,3,1,0,176876.46563912404,1
8,15737337,Smith,503,France,Male,49,9,74860.87762297166,3,0,1,68962.83620032867,1
9,15768266,Smith,493,Spain,Male,70,5,43370.01856648931,4,1,0,92374.07782020932,1
10,15687498,Smith,784,Spain,Female,47,6,159388.31611755744,3,0,0,82909.06780271028,1
11,15712727,Smith,834,Spain,Female,56,8,124041.59602830486,1,1,1,2660.0741904470706,1
12,15726324,Smith,435,Spain,Male,48,0,44563.1167261604,4,0,0,59195.61834284273,1
13,15775203,Smith,534,Germany,Male,19,10,171477.81776246591,3,0,0,91843.25485417504,1
14,15791335,Smith,634,France,Female,29,6,247781.60795532592,4,1,0,82224.61083999915,1
15,15616023,Smith,811,Spain,Female,56,7,186804.89693550943,1,0,1,144388.62621086073,1
16,15641090,Smith,569,Spain,Female,83,2,184996.59667140295,3,1,0,76966.87540804844,1
17,15667221,Smith,418,Spain,Male,30,3,237578.18823264792,1,0,0,97880.39602964434,1
18,15664820,Smith,396,France,Female,63,9,50734.09189372555,3,1,1,85927.42234055135,1
19,15600769,Smith,846,Germany,Male,44,5,141387.4912303601,2,0,0,148127.82351738517,1
20,15659735,Smith,443,France,Female,34,9,244911.67875847087,3,1,0,172595.85007340263,1
21,15794027,Smith,587,Germany,Male,77,6,41323.527742543636,4,1,1,106382.49691071275,0
22,15664925,Smith,795,Spain,Female,81,3,175062.98986113025,3,0,0,157888.54451709628,1
23,15799041,Smith,849,Spain,Female,52,7,146452.5364929755,1,0,0,59364.368537149916,1
24,15605311,Smith,802,France,Female,87,4,146619.77304717674,1,0,0,108278.50833535216,0
25,15703355,Smith,553,France,Female,47,0,174417.6568800188,3,0,0,69052.53843445779,1
26,15784779,Smith,749,Germany,Female,88,3,232404.23071892106,4,1,0,82846.04310511034,1
27,15685305,Smith,567,Germany,Male,91,2,195645.48496283448,2,0,1,146485.44882388558,0
28,15759765,Smith,823,France,Female,80,8,14034.025854052501,4,1,1,176333.67984171922,1
29,15730608,Smith,781,Germany,Female,45,7,213182.0049689278,2,0,1,24307.863263642204,0
30,15756730,Smith,690,France,Female,77,0,56385.33248143315,1,1,1,126931.50490491123,0
31,15684478,Smith,388,Germany,Male,54,10,94228.54118409299,4,1,0,116432.94007748392,1
32,15722537,Smith,449,France,Female,39,5,115433.20340309554,2,1,0,23691.823684794617,0
33,15749503,Smith,638,France,Male,85,8,120226.50018826741,3,1,0,42386.74714471742,1
34,15730523,Smith,603,France,Female,37,6,108795.0998138392,1,0,0,62207.388921588725,0
35,15602747,Smith,571,Germany,Female,85,3,234338.3235539661,3,0,0,33394.54485279212,1
36,15723855,Smith,706,Germany,Male,81,0,176504.75191600615,1,1,1,48753.45921004311,0
37,15790222,Smith,372,Germany,Female,34,1,157792.6614891766,4,0,1,53527.48376435289,1
38,15665725,Smith,599,France,Male,29,4,12460.50694573539,4,0,0,67141.40986948153,1
39,15729981,Smith,359,Germany,Male,39,10,225978.33256509367,1,1,0,149880.5966557038,1
40,15684654,Smith,595,Germany,Female,34,4,227347.54800209907,1,0,0,114386.72164808164,0
41,15766845,Smith,674,France,Male,27,7,195053.26585752558,1,0,1,197249.47192356078,0
42,15719346,Smith,449,Spain,Female,82,5,1757.300953404789,4,0,0,82953.01803522452,1
43,15667435,Smith,639,France,Female,39,7,14320.062769405838,2,1,0,150775.47611664663,0
44,15656886,Smith,529,Germany,Male,67,1,56305.92556712244,3,0,0,174294.969591093,1
45,15666803,Smith,572,France,Male,31,2,32837.35203622667,3,1,1,135798.908822678,1
46,15631551,Smith,743,Spain,Male,81,5,99709.00742593236,4,0,0,82378.82943609502,1
47,15716216,Smith,599,France,Male,64,9,230655.76452194742,3,0,1,150721.39020284312,1
48,15611394,Smith,496,Germany,Female,46,2,118015.10854924958,1,0,1,40741.39088315924,1
49,15669092,Smith,791,Spain,Female,53,5,3350.6566080414023,2,1,1,65517.15751437468,0
50,15603890,Smith,445,Germany,Male,69,5,70686.4223946905,3,1,1,109341.58416730676,1
51,15641606,Smith,606,Spain,Female,24,1,11148.727093240384,2,0,1,115086.1233633568,0
52,15687313,Smith,674,Spain,Female,46,6,9071.90565337554,1,1,1,4438.073679771165,1
53,15741699,Smith,842,France,Female,28,1,68929.96327388806,3,0,0,189023.38660931418,1
54,15608792,Smith,353,France,Female,50,5,68903.08466973636,4,1,0,139328.48797076583,1
55,15774073,Smith,365,Germany,Male,23,0,196781.65065040102,2,1,0,99145.79300887589,0
56,15754969,Smith,629,France,Male,49,2,243708.66319527797,1,0,1,186626.11560931758,1
57,15668148,Smith,685,France,Female,68,1,92801.77347249957,2,0,0,87824.72209451318,1
58,15724243,Smith,596,Spain,Male,75,6,107221.71971525965,3,0,1,196087.30969837165,1
59,15720174,Smith,607,France,Male,43,3,211197.35907150537,3,0,1,102461.82860112458,1
60,15754555,Smith,846,Spain,Male,63,7,67034.75502387834,4,1,1,22866.011141895913,1
61,15724358,Smith,825,Spain,Female,46,5,39095.45110086199,1,1,0,152962.54648213086,1
62,15648555,Smith,733,Spain,Female,21,9,213272.40585091262,1,1,1,135782.7560383173,0
63,15617159,Smith,509,Germany,Female,30,3,11625.146610016374,4,0,1,154599.6143939043,1
64,15710510,Smith,824,Germany,Male,56,4,154924.86004985392,4,0,0,190288.89132484896,1
65,15706530,Smith,689,Germany,Female,32,8,140498.2118667017,1,1,0,155300.09563717712,1
66,15680077,Smith,501,Spain,Female,46,6,86480.11187542356,2,0,1,122271.2070773072,0
67,15635920,Smith,745,Germany,Male,46,9,78797.38027433974,2,1,1,171463.20738314456,0
68,15798193,Smith,527,Germany,Female,49,8,192964.43154540533,4,1,0,134652.55540651275,1
69,15619457,Smith,512,France,Female,19,6,21606.15269063662,2,1,0,81629.73017461636,0
70,15797629,Smith,729,Germany,Male,64,0,59196.077327846346,1,1,0,177125.09665071222,1
71,15678953,Smith,382,Germany,Male,39,7,183112.18295952244,3,1,1,44387.87315226673,1
72,15652995,Smith,766,Spain,Male,44,3,137080.14593160606,3,0,0,142931.10856899575,1
73,15771829,Smith,794,Spain,Female,84,2,31997.0521333966,2,0,0,176313.875353602,0
74,15609692,Smith,528,Spain,Female,73,6,220533.90357051502,4,0,0,146265.9907754622,1
75,15776830,Smith,776,Spain,Female,38,2,98361.96164089789,4,1,1,139458.11105658085,1
76,15796769,Smith,450,Spain,Male,64,7,206967.09383054322,4,1,0,150530.1324314265,1
77,15637065,Smith,617,Spain,Male,76,5,196928.25388192717,4,1,0,93016.39910764586,1
78,15699299,Smith,672,Germany,Female,23,4,156106.361617932,4,1,0,174835.39472458363,1
79,15763678,Smith,414,Spain,Female,36,3,123620.28282377325,2,0,0,40695.26066246688,0
80,15611534,Smith,766,Spain,Male,74,7,244887.71009543922,3,0,0,25486.009335907853,1
81,15640397,Smith,517,France,Male,86,7,36241.26809495426,3,1,1,57108.900935901125,0
82,15691387,Smith,679,Germany,Male,20,0,181288.9318877787,2,1,1,106320.16358103088,0
83,15601016,Smith,392,Germany,Male,18,8,47797.675366197254,4,1,1,102117.25346391353,1
84,15655591,Smith,393,Germany,Female,75,4,84565.7763330871,2,0,0,164121.54554774056,1
85,15623247,Smith,634,Spain,Male,55,3,77174.68584329881,3,0,1,80919.68559423945,1
86,15624300,Smith,746,Spain,Female,32,5,236758.99693468076,1,0,1,96874.04181403882,1
87,15682798,Smith,361,Spain,Female,51,5,241839.0444470688,2,1,1,2683.402975046533,1
88,15609268,Smith,444,France,Female,78,1,45753.86105868179,4,1,0,81953.74989622338,1
89,15686807,Smith,651,Spain,Male,52,7,5508.7900743760465,3,0,0,129558.36884773891,1
90,15612185,Smith,735,France,Male,81,6,180002.00991577827,3,1,1,3111.5110420121705,1
91,15794776,Smith,602,Germany,Male,42,0,104497.48346762109,3,0,1,56183.58421759689,1
92,15770171,Smith,848,Spain,Male,41,4,22210.061271891096,3,1,0,41599.192294285094,1
93,15739643,Smith,591,France,Female,29,5,170938.52639426064,4,0,0,8406.66592762855,1
94,15638044,Smith,384,France,Male,35,3,136276.38206517493,1,1,1,95857.22538200836,0
95,15651214,Smith,564,Spain,Male,32,1,245129.2055002765,3,0,0,36352.84141269902,1
96,15792300,Smith,686,Germany,Female,44,3,56852.373965344734,2,0,1,148618.87711087972,0
97,15714752,Smith,439,Germany,Male,89,0,100994.46908163706,1,0,0,169587.09747383205,1
98,15648984,Smith,613,Germany,Female,77,6,135636.45084885572,3,0,1,109121.58068200287,1
99,15640774,Smith,442,France,Female,63,1,197924.99711333791,1,0,1,196341.6514308031,1
100,15602568,Smith,759,France,Female,34,1,137209.6641800147,2,0,0,90101.20950840435,0
101,15720151,Smith,807,France,Female,70,8,153225.0402154873,3,1,1,102678.50836288085,1
102,15793664,Smith,439,France,Female,25,4,56536.76289748519,2,1,1,197843.65861401046,0
103,15798635,Smith,767,Germany,Female,44,1,211729.68202213995,4,1,1,46317.37170865011,1
104,15733767,Smith,464,Spain,Female,63,10,107157.63674261894,3,0,0,188509.7624759843,1
105,15724375,Smith,454,France,Female,67,8,35239.906880442315,3,0,0,8577.082648271458,1
106,15779262,Smith,740,France,Male,88,8,166046.97862635434,3,1,0,89282.91418373633,1
107,15736330,Smith,545,Germany,Male,20,0,54022.613296326876,3,0,1,14010.002391491824,1
108,15639504,Smith,663,Spain,Male,81,10,24390.627559824934,4,0,0,145849.65623529945,1
109,15764231,Smith,463,Spain,Male,61,2,215496.72710106807,3,0,1,121685.70308664475,1
110,15613986,Smith,842,Germany,Female,70,3,115040.56612210991,1,0,1,141329.7863508846,1
111,15661858,Smith,424,Germany,Male,41,6,187320.92817394412,3,0,0,74902.3351896037,1
112,15729312,Smith,762,Spain,Female,77,9,72646.88995158878,4,1,0,73902.69198693575,1
113,15612666,Smith,725,France,Male,20,3,196742.53372941658,3,1,1,9073.402599389312,1
114,15638660,Smith,769,Spain,Male,37,1,27983.98175538258,1,1,1,69995.48845653266,0
115,15734633,Smith,566,Germany,Male,63,6,88993.34344871317,4,1,0,185858.38756838927,1
116,15626854,Smith,626,France,Female,32,5,244515.45449338213,4,1,0,75851.51517071799,1
117,15664505,Smith,598,France,Male,42,2,198497.42909200152,1,0,0,166275.22756733178,1
118,15704488,Smith,513,Germany,Female,88,5,124313.98257867205,1,0,1,168466.6776949393,0
119,15783323,Smith,743,Germany,Female,34,10,84944.36789047127,1,0,1,74654.49886428297,0
120,15622662,Smith,706,Germany,Male,26,5,218033.92500561912,1,0,1,126401.41619243386,0
121,15608392,Smith,806,Spain,Male,55,4,136211.9397711289,1,1,1,19083.366738588997,1
122,15630535,Smith,757,Spain,Male,65,3,189606.2544672778,4,1,1,20744.679361047954,1
123,15713569,Smith,541,France,Female,77,9,188526.920079041,4,1,0,9741.046155706046,1
124,15652256,Smith,576,Germany,Male,80,0,4486.419642122957,3,0,0,116207.20852408814,1
125,15689135,Smith,526,France,Female,19,9,31563.445698153362,3,1,1,85219.93481544315,0
126,15727478,Smith,448,France,Female,89,5,164907.34159868557,2,0,1,109610.99100928138,0
127,15635222,Smith,845,France,Male,28,1,40404.95282146786,3,1,0,104219.42736977249,1
128,15677373,Smith,385,France,Male,81,2,63873.33616390117,3,1,0,70047.09618823515,1
129,15723684,Smith,815,Germany,Female,89,7,236659.48854990178,1,0,0,135497.90823054634,0
130,15794407,Smith,846,France,Female,38,9,140045.56459372796,1,0,0,151702.79116446897,0
131,15610965,Smith,836,Germany,Female,35,5,187682.37674983678,3,1,1,2935.5054929463663,1
132,15624538,Smith,445,Germany,Male,81,2,139495.18469565996,2,1,0,41456.387530777974,1
133,15708066,Smith,501,Spain,Female,55,6,138128.4036956813,1,0,1,142650.04125798654,1
134,15713252,Smith,500,Germany,Male,49,3,23537.977531424476,3,1,0,77330.1683250405,1
135,15739182,Smith,539,Spain,Female,28,8,85915.79815227576,3,1,0,132500.16454885222,1
136,15758338,Smith,573,Germany,Female,62,4,70607.72467162793,4,0,0,69399.06232031433,1
137,15784064,Smith,386,Germany,Male,50,2,97682.0914034033,2,1,1,78157.12291440413,1
138,15698806,Smith,617,Germany,Female,58,1,199586.04705608208,4,0,1,31744.187949200088,1
139,15737982,Smith,718,Spain,Male,25,10,92983.16697921621,2,1,0,51653.621623035346,0
140,15710989,Smith,532,Spain,Male,28,1,112924.20480792067,1,0,1,121086.29738394238,0
141,15690982,Smith,362,France,Female,68,2,99345.34762132913,2,1,1,86638.29063192013,0
142,15721626,Smith,628,Spain,Male,58,1,23351.9929938239,3,0,0,154862.7935620896,1
143,15719176,Smith,566,Spain,Male,34,3,110268.03956269594,3,1,0,170518.46513811915,1
144,15731278,Smith,704,Spain,Female,63,1,48902.318261128756,2,0,1,108333.8671791698,0
145,15722409,Smith,710,Spain,Male,49,9,46680.823943260366,2,1,1,151655.87573829127,0
146,15623419,Smith,635,France,Male,71,8,23509.026108566588,2,1,1,61387.83359378206,0
147,15781708,Smith,622,Spain,Male,37,1,89167.74353544119,4,1,0,83000.09336786164,1
148,15650015,Smith,718,Germany,Female,50,8,189370.47119735435,2,1,0,142558.40746660403,1
149,15722096,Smith,411,Germany,Male,91,5,69110.42264584902,1,1,1,77248.53644347796,0
150,15707059,Smith,433,Spain,Female,57,0,78087.2754713784,4,1,0,117705.10198244617,1
151,15785340,Smith,717,Spain,Female,49,3,160668.6644181059,4,1,0,37082.70208871147,1
152,15710687,Smith,566,Germany,Male,19,0,48960.20314672972,2,1,1,119958.26528094988,0
153,15687939,Smith,691,Germany,Male,50,5,224239.4826058836,1,1,1,172304.12630830644,1
154,15749213,Smith,746,France,Male,47,3,130047.63081288862,4,0,0,173729.2415682869,1
155,15705878,Smith,536,Germany,Female,50,2,111900.73508005425,3,0,0,144871.63782184463,1
156,15787116,Smith,368,Germany,Male,43,2,139455.04798230034,4,1,1,149153.21828143444,1
157,15798286,Smith,526,Spain,Male,39,8,41508.57835404886,2,0,0,111589.90975568863,0
158,15764899,Smith,449,Germany,Male,83,5,153368.28465979407,1,1,0,116937.7713522633,1
159,15786892,Smith,745,France,Male,55,8,90775.18415850261,2,1,1,26738.779776289495,0
160,15662623,Smith,794,Germany,Male,63,4,224296.58524115474,3,0,1,88777.39909237601,1
161,15675450,Smith,582,Spain,Female,32,1,42213.55166942153,3,1,0,90160.7490144339,1
162,15693426,Smith,752,Spain,Female,61,7,126762.77596636026,3,1,0,191699.98215519136,1
163,15717845,Smith,425,Germany,Male,66,4,149528.1573422545,2,0,0,86223.06165603166,1
164,15753371,Smith,614,Spain,Male,78,1,8345.900446595306,4,0,1,109873.0355541025,0
165,15643585,Smith,804,France,Male,84,3,90923.28118903506,2,1,0,106654.9473418277,0
166,15709225,Smith,633,France,Male,23,8,183158.8086752082,1,0,0,127355.97579169499,1
167,15664044,Smith,555,Germany,Female,26,3,205094.37686224334,4,0,1,149649.08393806586,1
168,15773629,Smith,572,Germany,Male,23,3,78290.49870432059,3,1,1,45016.12481541272,1
169,15780152,Smith,733,Germany,Female,90,1,199648.3180956878,2,0,0,105749.59657549615,0
170,15709556,Smith,401,Spain,Female,49,5,241938.96927584722,3,0,1,165185.28228613292,1
171,15602693,Smith,688,France,Male,58,10,214218.48401877354,3,1,1,92628.31162036392,1
172,15695259,Smith,716,France,Female,25,1,29410.997039831298,1,0,0,55698.724699250866,0
173,15625939,Smith,493,Spain,Female,89,6,184932.58302138516,4,0,1,130945.26798050625,1
174,15779997,Smith,722,France,Female,67,2,79916.70811013618,1,1,1,164755.2414858666,0
175,15774013,Smith,418,Germany,Female,79,2,247103.99735301913,1,1,0,12637.427182548989,0
176,15752906,Smith,448,Germany,Male,79,4,121339.74578997178,1,1,1,155360.32877661136,0
177,15618047,Smith,745,Germany,Male,24,2,30608.47458973526,3,0,0,164331.37011302463,1
178,15626105,Smith,374,France,Female,21,1,181296.38700684768,1,1,0,92309.97028844547,1
179,15675766,Smith,785,Germany,Male,23,9,80752.79959655346,1,1,1,196661.29830712528,0
180,15746779,Smith,728,Spain,Male,75,8,249269.53927041544,4,0,1,157343.80105805476,1
181,15753048,Smith,818,Spain,Male,39,1,244945.61446363048,4,1,1,154734.7763534842,1
182,15644262,Smith,833,France,Male,43,10,164033.50450514516,1,1,0,149570.23649667023,1
183,15725117,Smith,402,Spain,Male,20,1,32456.612237929396,4,1,1,30130.114562622617,1
184,15623776,Smith,500,Spain,Female,58,7,171715.24941875727,4,1,0,43454.004981737635,1
185,15761152,Smith,493,France,Male,77,8,23257.621615006803,1,0,1,92803.38639157036,0
186,15728376,Smith,406,Germany,Male,31,6,7341.039775598079,3,1,1,52808.22994839358,0
187,15797914,Smith,388,Germany,Male,29,2,205739.61155537152,1,1,1,83054.04205708475,0
188,15792445,Smith,458,Germany,Male,29,8,52438.23692092034,4,0,0,177693.9373434849,1
189,15737848,Smith,530,France,Female,30,2,94756.78155477435,3,1,1,164867.13510693505,1
190,15692787,Smith,391,Spain,Female,42,4,243364.3474940433,2,0,1,126011.67529721164,1
191,15727948,Smith,535,Germany,Female,62,8,84210.12546527582,3,0,0,171625.4976462782,1
192,15655016,Smith,772,Germany,Female,36,2,74122.44532082882,4,0,0,156756.64007955967,1
193,15740546,Smith,747,France,Male,72,6,229551.9999056938,3,1,1,85802.69651885968,1
194,15789125,Smith,572,Germany,Female,62,0,27687.111329739528,1,0,1,40221.01975846852,1
195,15621959,Smith,471,France,Male,25,3,189895.60252865794,2,0,1,102845.06599146775,0
196,15736602,Smith,482,Spain,Male,70,3,247016.3916631935,2,0,0,147248.41421688473,1
197,15719101,Smith,512,France,Male,72,6,225324.00269366222,2,1,0,87289.5555499313,1
198,15603748,Smith,564,France,Male,49,7,162916.97967660648,4,1,0,133357.71423768162,1
199,15613545,Smith,570,France,Male,68,0,78515.198748183,4,1,0,18874.541983945815,1
200,15727659,Smith,584,France,Female,61,4,63580.49529457918,2,1,1,149603.46722691698,0
201,15797271,Smith,680,Spain,Female,87,6,204813.7762178653,3,1,0,162544.59684241348,1
202,15765838,Smith,495,Spain,Female,35,3,219955.47848792383,2,1,0,141370.50277755043,0
203,15673530,Smith,588,Germany,Female,39,3,131358.72813642322,3,1,0,193453.04486939785,1
204,15693557,Smith,425,Spain,Male,54,3,61084.98519661654,3,0,1,165332.14497155347,1
205,15661087,Smith,358,Spain,Female,73,5,28235.80210279339,4,0,1,180619.7146380289,1
206,15668840,Smith,423,Germany,Male,76,6,21794.86695795779,3,0,0,186714.88098069504,1
207,15718451,Smith,791,Spain,Female,20,1,179769.3618384639,2,0,0,160271.58489484296,0
208,15785456,Smith,841,France,Male,45,4,105029.68196193124,4,1,1,134855.02581287976,1
209,15651005,Smith,750,France,Male,91,3,226339.9685694676,1,0,1,1153.6590863442495,0
210,15777648,Smith,602,Germany,Female,52,2,184917.82518169092,1,0,1,93170.4923870927,1
211,15639353,Smith,579,Germany,Male,78,6,47815.104478646674,4,0,1,114236.74810148598,0
212,15793075,Smith,356,Germany,Male,71,10,153444.35470392476,2,0,1,60813.01418687544,0
213,15652733,Smith,523,France,Female,80,5,108876.36359953984,1,1,1,63627.708336225376,0
214,15665318,Smith,490,Spain,Male,24,6,144312.43269215326,1,1,1,192232.27154787592,0
215,15754736,Smith,517,France,Female,66,4,184517.2808346293,3,1,1,178343.25593189715,1
216,15667172,Smith,519,Germany,Female,48,5,201548.9702509477,3,0,0,169837.30931028584,1
217,15693264,Smith,742,Spain,Female,75,4,210934.33160168107,2,1,0,81208.30022320506,0
218,15626736,Smith,783,Spain,Male,78,6,63493.71864300618,4,0,0,2749.57309627882,1
219,15712859,Smith,632,France,Male,41,1,7778.8999793394205,2,1,0,16053.647068678258,0
220,15712181,Smith,471,Germany,Male,37,10,184823.6837911933,4,1,0,62446.15167983856,1
221,15731926,Smith,543,France,Female,54,4,26585.93156394365,1,1,0,3158.4251700054397,1
222,15690084,Smith,354,Spain,Male,21,5,78729.89715324191,3,1,1,3439.784885220471,1
223,15769695,Smith,378,France,Female,37,5,954.2835310867858,2,1,1,183321.4942954658,0
224,15607392,Smith,514,France,Female,77,4,170417.370600405,2,0,0,141234.63883878963,1
225,15655680,Smith,771,Germany,Male,41,9,41783.00286780531,4,1,0,61798.10845372985,1
226,15777789,Smith,688,Germany,Female,67,6,163820.60242291456,4,0,1,26537.589074414624,1
227,15650859,Smith,485,Spain,Male,66,9,247935.6542919597,2,0,1,102332.02722183647,0
228,15725657,Smith,845,France,Male,68,7,18167.71790250407,4,0,1,1079.1787092643476,1
229,15757381,Smith,714,France,Male,53,6,19269.502987865173,2,0,0,187683.36463419022,1
230,15794806,Smith,670,France,Male,83,4,85095.02316666873,2,0,1,82968.87572659555,0
231,15670467,Smith,691,Spain,Male,51,0,216596.6285628355,2,1,0,80472.96769791418,1
232,15783734,Smith,849,Spain,Female,53,4,53882.467197832964,1,1,0,78124.81558028061,1
233,15698506,Smith,494,Germany,Female,23,9,90094.45498258689,4,1,1,13874.972794249074,1
234,15709751,Smith,676,Germany,Female,56,1,17126.351656744893,3,1,1,127668.06473596739,1
235,15718906,Smith,566,Germany,Male,59,4,190788.82281472234,3,0,0,146603.3938894744,1
236,15743760,Smith,650,France,Male,75,4,102076.58568986278,4,1,1,135228.31826368216,1
237,15625342,Smith,481,France,Male,29,1,189812.1832652107,2,1,1,27695.71431094557,0
238,15768229,Smith,641,Germany,Female,20,4,225901.96108669878,3,0,0,115772.24520543816,1
239,15798935,Smith,419,France,Male,35,3,58190.78677532219,3,0,1,113901.20198960905,1
240,15706308,Smith,601,Germany,Female,57,0,201849.00758498782,4,1,0,173683.473480397,1
241,15783155,Smith,764,Spain,Female,38,2,14773.472519563318,3,1,0,75831.74039854565,1
242,15706081,Smith,624,Germany,Male,32,0,224711.84704506185,2,0,1,74303.47387245025,0
243,15796805,Smith,794,Spain,Male,43,10,162692.13688968684,4,1,0,123709.22647304993,1
244,15689045,Smith,713,France,Female,25,4,218556.68103458788,2,1,0,126618.1999733676,0
245,15634698,Smith,531,Germany,Male,59,3,47.099889145474364,3,1,1,93862.35261288482,1
246,15710078,Smith,516,France,Female,61,6,42270.267588998126,3,1,1,88617.44187246091,1
247,15680623,Smith,440,Spain,Male,31,4,97439.84685662301,2,0,1,98834.59265087015,0
248,15622671,Smith,551,Spain,Male,19,9,94875.72584367965,1,0,0,172210.44944766734,0
249,15756256,Smith,695,Spain,Female,54,3,56682.59573087766,3,0,0,92238.76858176946,1
250,15693384,Smith,368,France,Male,86,1,95402.98496680002,1,1,1,187986.9590760448,0
251,15773179,Smith,388,France,Female,55,3,32212.178000063708,3,1,0,100805.71268162924,1
252,15686202,Smith,475,France,Male,58,1,103190.2823165065,1,1,1,189840.64662924648,1
253,15651663,Smith,800,France,Female,79,7,200588.58228981605,1,1,1,166568.05205479646,0
254,15615708,Smith,522,Spain,Female,77,2,119767.5157758378,1,1,0,72492.64020993967,0
255,15691906,Smith,490,Spain,Male,31,8,4500.0222363037465,2,0,1,172729.64784511024,0
256,15649811,Smith,591,Germany,Female,19,3,105361.01039481185,1,1,0,22021.556207381032,0
257,15733883,Smith,569,Germany,Male,87,5,6793.75402271104,1,1,0,185010.18459684946,0
258,15656250,Smith,475,France,Male,34,9,241560.85267669955,1,0,1,126332.38658142749,0
259,15712547,Smith,407,Spain,Male,45,4,31863.489855717242,3,1,0,10887.605796977014,1
260,15724249,Smith,497,Spain,Female,83,9,176922.08158265468,1,0,1,128854.9021629258,0
261,15634754,Smith,825,Spain,Female,52,0,243194.08072302144,3,0,0,194849.78835240979,1
262,15742483,Smith,805,Germany,Male,22,8,206509.76291664297,1,0,0,13969.432916379637,0
263,15733983,Smith,666,Germany,Male,82,0,174828.8437815509,1,0,0,110941.99507891946,0
264,15798342,Smith,732,Spain,Female,57,7,209865.22737519172,2,0,1,149561.3920083769,1
265,15739752,Smith,710,Spain,Male,73,8,245449.67331515692,3,1,0,162053.61475403927,1
266,15684896,Smith,772,Spain,Male,53,8,155336.1243133824,1,0,1,82771.35478950596,1
267,15671295,Smith,350,Germany,Female,62,0,139796.2017073316,3,0,0,40841.270168056915,1
268,15700689,Smith,736,Spain,Male,40,1,157059.52761582035,3,1,0,8478.032331689043,1
269,15611111,Smith,810,Spain,Female,64,0,133168.97169038875,4,1,1,115949.43415787398,1
270,15637504,Smith,697,France,Male,48,9,158772.2764774297,2,0,1,90587.68494281948,0
271,15732874,Smith,539,France,Female,28,1,112460.55199313982,2,1,1,189749.3915859907,0
272,15608155,Smith,540,Germany,Male,27,9,54610.795720826776,2,1,1,12130.375493904809,0
273,15639384,Smith,718,Spain,Male,84,7,30061.806627918908,4,0,1,137082.2147357667,0
274,15712561,Smith,758,Spain,Female,31,4,17085.2338830651,4,0,0,5002.9947617902335,1
275,15647254,Smith,661,France,Male,91,10,65828.94593830002,2,1,0,34295.12100034144,0
276,15621918,Smith,766,Germany,Female,27,6,11530.891083933459,4,0,1,90721.2641945676,0
277,15685981,Smith,771,France,Male,18,1,141792.6949798464,4,0,0,90979.93983614561,1
278,15791785,Smith,466,France,Female,22,7,70957.11175588008,4,1,0,137143.25158129944,1
279,15630306,Smith,483,France,Female,37,10,206133.70202175804,2,0,0,182043.50484320265,0
280,15747718,Smith,407,France,Female,25,5,18560.21824709661,2,0,1,127810.04146139501,0
281,15646843,Smith,393,Spain,Female,60,7,56587.87358537148,2,0,0,190707.48421932323,1
282,15720975,Smith,522,Spain,Male,18,0,182561.53677253646,4,0,0,176324.31181920075,1
283,15696601,Smith,509,France,Male,74,0,149702.07409587284,2,0,0,116904.11410820273,1
284,15707512,Smith,522,Germany,Female,81,6,16122.817812291883,4,1,1,166760.05226425626,1
285,15747443,Smith,666,Germany,Female,45,7,219309.86429055012,1,1,0,128519.09628862356,1
286,15711472,Smith,652,Germany,Female,54,2,219315.44070654488,4,0,0,15720.780606436192,1
287,15733121,Smith,498,Germany,Male,64,4,82602.00096894347,3,1,1,148115.5390046694,1
288,15762688,Smith,429,France,Male,54,0,85101.46083739118,2,0,1,18990.739169056567,1
289,15703727,Smith,723,Spain,Male,66,6,247257.08958754348,2,0,0,118820.61528613679,1
290,15712893,Smith,562,Germany,Male,61,4,156544.04289828456,3,0,0,140531.01476958717,1
291,15620932,Smith,552,France,Female,73,7,132829.13014201476,4,0,1,13314.85636608894,1
292,15717796,Smith,601,Germany,Female,45,7,209538.0458879811,1,0,1,46166.622838767085,1
293,15629855,Smith,578,Germany,Female,23,8,71322.58458932911,3,1,1,183135.28973000735,1
294,15792506,Smith,513,France,Male,78,6,107295.64834908923,3,1,1,123266.73530165694,1
295,15774088,Smith,576,Spain,Male,37,10,66944.16887208354,4,0,1,49264.74090191821,1
296,15607400,Smith,496,Spain,Male,19,0,197290.21164718285,2,1,1,138139.04743188983,0
297,15717858,Smith,369,France,Female,90,2,143337.3364088045,4,0,1,119359.31622813831,1
298,15773714,Smith,790,Spain,Female,54,7,164706.26753501763,3,1,0,100320.12422659049,1
299,15615151,Smith,751,France,Male,37,2,63076.81245985164,3,0,1,195237.63312786687,1
300,15782479,Smith,396,France,Female,43,7,55056.325344328776,2,1,1,136693.92094372772,1
301,15666690,Smith,582,France,Male,46,0,122093.65724573468,2,0,0,75094.46752248585,1
302,15604499,Smith,654,Spain,Male,18,4,184391.4372732067,2,0,1,160016.68568105283,0
303,15606295,Smith,363,France,Female,52,3,131309.93938004004,4,1,1,176917.81275130835,1
304,15720885,Smith,492,Germany,Male,87,4,8161.419386417151,2,1,0,25052.859697771117,0
305,15726071,Smith,764,Spain,Female,76,7,217137.8765800722,3,0,1,40118.590039274844,1
306,15659040,Smith,350,Spain,Male,86,9,16171.723378782894,3,1,0,43253.239555464665,1
307,15612183,Smith,722,Spain,Female,50,3,238956.12093018807,1,0,0,138245.4497592142,1
308,15760371,Smith,403,Spain,Female,68,10,6285.489569318182,4,1,0,120611.88061510613,1
309,15743946,Smith,723,Germany,Female,29,3,173612.6140326772,1,1,0,123802.12302407065,0
310,15716336,Smith,608,Spain,Male,37,2,20551.765927945413,3,0,1,188155.25220490329,1
311,15632711,Smith,493,Spain,Male,70,6,227669.1448587849,1,1,0,155184.54744613313,1
312,15605539,Smith,820,France,Female,60,2,116108.3090563857,3,1,0,25596.105533111517,1
313,15784423,Smith,790,Spain,Female,67,2,34380.94370425385,1,0,1,69507.94141421195,0
314,15792339,Smith,808,Germany,Male,46,10,85203.92494746165,2,1,0,87084.37529868537,0
315,15779426,Smith,361,Germany,Male,74,9,41206.16883669051,1,0,0,79198.3581336335,1
316,15726063,Smith,679,Germany,Male,56,4,42645.4778892725,2,0,0,133865.02874628422,1
317,15733629,Smith,573,Germany,Female,73,4,237027.08004286056,2,0,0,178379.70172027996,0
318,15638360,Smith,621,Spain,Male,60,5,111311.52807119704,4,0,1,61217.232189922375,1
319,15733272,Smith,805,Spain,Male,67,7,197200.5659763399,2,0,0,110379.90851287292,1
320,15799569,Smith,707,Germany,Female,40,9,159901.39029442047,2,1,1,157883.990288498,0
321,15778047,Smith,809,Germany,Male,61,5,169106.59058459807,1,0,1,83249.44958848141,1
322,15621357,Smith,757,Spain,Male,55,0,32923.35961800963,3,0,0,33631.944498575176,1
323,15719121,Smith,505,Germany,Male,40,7,58546.111703871415,4,1,0,94995.44354309702,1
324,15677505,Smith,722,France,Female,62,7,196687.58378860922,2,1,0,11053.951923398263,1
325,15602869,Smith,357,Germany,Female,69,8,242691.55161869572,4,1,0,188477.26696591536,1
326,15792207,Smith,471,Germany,Female,67,8,65668.91064966292,1,0,1,14973.492826942658,0
327,15650108,Smith,697,France,Female,25,1,67892.19118775996,2,0,1,87696.95848296312,0
328,15712296,Smith,513,France,Female,18,1,118224.2832027262,1,0,1,105980.95340509435,0
329,15694179,Smith,439,Spain,Female,25,2,245960.07821385947,4,1,0,197060.91341913422,1
330,15690272,Smith,485,Spain,Female,46,0,67239.73645661777,1,0,1,33212.70451033573,1
331,15638467,Smith,535,France,Male,22,3,101742.97740856597,4,1,0,22895.159407285588,1
332,15623328,Smith,665,France,Male,64,3,222870.00390587669,1,0,0,1751.1423510380903,1
333,15691412,Smith,527,Spain,Female,51,8,730.2581553405018,4,1,0,31122.73165949177,1
334,15735059,Smith,377,Germany,Male,82,8,9941.491247142387,3,0,0,41462.523083742846,1
335,15658871,Smith,569,France,Male,72,8,151017.9192678048,1,0,0,126119.88250720262,1
336,15753471,Smith,706,Spain,Female,60,9,226845.04117821174,1,0,1,43949.16101037616,1
337,15728391,Smith,390,Germany,Male,91,6,59714.165100481914,3,1,1,4113.957737717748,1
338,15777286,Smith,577,France,Male,47,1,117410.44367017725,3,1,0,165325.40291704272,1
339,15686416,Smith,541,Germany,Male,34,9,112616.32541445456,1,0,1,73125.48424378331,0
340,15670271,Smith,760,Spain,Male,43,4,118242.83652387754,3,0,0,70745.80034928098,1
341,15644064,Smith,796,France,Male,25,3,155629.9239324363,2,0,0,60502.78104329364,0
342,15707450,Smith,494,Germany,Female,64,10,117435.94074767095,4,1,0,195074.9016965127,1
343,15771890,Smith,550,France,Female,89,7,111867.03533061445,4,0,1,34031.382307683205,1
344,15776597,Smith,766,Germany,Female,63,1,118572.10510781514,4,0,0,179648.6304100075,1
345,15619830,Smith,561,Spain,Male,85,5,147716.86031776038,2,0,0,155362.8983946562,0
346,15748501,Smith,810,Spain,Female,50,4,134251.87208783958,3,0,1,15305.226300307622,1
347,15737965,Smith,569,France,Male,18,1,213533.9994126261,3,1,1,197345.95300915473,1
348,15716381,Smith,589,Germany,Male,36,10,12374.213373416655,1,1,1,54280.47904816672,0
349,15647333,Smith,762,France,Male,48,9,208329.2678682531,3,0,0,19725.599575212244,1
350,15734508,Smith,746,France,Male,31,0,210981.15315293102,1,0,0,165864.55368281063,1
351,15676213,Smith,395,Germany,Female,70,7,71227.00538274022,2,1,1,141338.0399802032,0
352,15736967,Smith,384,Germany,Female,65,1,115712.98875396267,4,1,0,123447.58898752138,1
353,15750810,Smith,602,Germany,Male,86,6,109634.62213435887,4,0,1,31204.61293114964,1
354,15630746,Smith,739,Spain,Female,79,8,54627.45858853257,4,1,1,95704.43829002982,1
355,15649377,Smith,431,France,Male,83,8,99199.21177157911,3,1,0,156113.3998171739,1
356,15779476,Smith,720,France,Female,81,7,11096.943042713609,1,0,0,60731.75138938661,0
357,15654045,Smith,605,Spain,Female,87,10,69455.5181954336,1,1,1,62344.848804723144,0
358,15697888,Smith,546,Germany,Male,80,9,204170.5438626795,2,1,1,638.149800563942,0
359,15770862,Smith,652,Spain,Female,90,8,71140.57544072438,3,0,1,34856.937895059455,1
360,15707455,Smith,758,Spain,Male,50,1,204551.6671870619,2,0,1,175082.37096811563,1
361,15736672,Smith,799,Spain,Female,58,5,132899.8661511077,1,1,0,88354.88086262504,1
362,15693179,Smith,359,France,Male,65,3,219965.66934028998,1,0,1,196847.05750189445,1
363,15771836,Smith,661,Spain,Male,30,3,143694.8885661038,4,1,1,79147.63563512277,1
364,15645714,Smith,635,France,Female,90,4,7417.055766184954,3,0,1,143040.13909150043,0
365,15787907,Smith,591,France,Female,48,2,168855.0518867723,1,1,0,56390.98939051678,1
366,15702946,Smith,600,France,Male,85,0,11213.392005892165,4,0,0,72768.2901317753,1
367,15709616,Smith,714,Germany,Female,21,7,112649.25474578349,3,1,1,38153.29025830302,1
368,15705983,Smith,354,France,Female,36,4,232356.6736182785,2,1,0,69419.003076194,1
369,15787563,Smith,468,France,Male,87,2,41300.98483446254,3,1,0,109452.03170892442,1
370,15724123,Smith,638,Germany,Male,30,9,97468.08823538602,3,0,0,198354.6584670401,1
371,15749661,Smith,723,France,Female,40,6,182465.0772121196,1,0,1,132843.70059722642,1
372,15643484,Smith,414,Spain,Male,18,6,220564.6390237119,1,1,1,39857.19842211873,0
373,15682989,Smith,495,Spain,Male,71,0,167735.75118562698,3,1,0,9001.838703894311,1
374,15636212,Smith,573,France,Male,88,8,64543.313547792306,1,0,1,25280.032698088977,0
375,15643525,Smith,588,Germany,Female,32,1,168651.96322905403,1,0,1,112515.41470259674,0
376,15778274,Smith,526,Spain,Female,82,4,74181.9102760225,1,0,0,153034.4141600651,1
377,15763707,Smith,616,Germany,Male,88,4,179607.30745468382,4,0,0,188084.43726807638,1
378,15663208,Smith,690,Germany,Female,32,7,238508.28189626013,4,0,1,3174.4761676441954,1
379,15633828,Smith,631,Spain,Male,38,7,180348.36277657206,3,0,0,104556.80071095834,1
380,15749783,Smith,412,Germany,Female,36,6,215720.1257281031,1,1,1,94178.76257107312,0
381,15603420,Smith,566,Spain,Male,77,6,525.9607939708533,4,0,1,131214.44384492104,1
382,15696752,Smith,691,Germany,Male,50,10,179393.0311828986,3,1,0,111920.17510452373,1
383,15731373,Smith,664,Spain,Female,66,5,207396.8892163126,1,0,1,137410.95972499027,1
384,15776308,Smith,632,France,Male,52,5,10139.684386170356,2,0,1,131619.93612399057,0
385,15715294,Smith,526,Spain,Female,61,10,217899.43182205764,1,1,0,23411.17485434066,1
386,15797307,Smith,810,Spain,Female,28,8,64173.55707751146,1,1,0,159945.58554460772,0
387,15785312,Smith,766,Spain,Male,89,5,166323.0254945138,4,0,0,24655.282817507807,1
388,15724019,Smith,447,Spain,Male,91,1,200088.71975585166,3,1,1,139709.13973557533,1
389,15665726,Smith,454,Germany,Female,83,1,165666.12826483886,3,1,0,83234.91207444493,1
390,15741564,Smith,448,France,Male,63,4,23071.19801831431,4,1,0,102775.00840797382,1
391,15715668,Smith,734,Spain,Male,26,3,149080.37971509207,1,1,0,180660.56989499836,0
392,15606102,Smith,754,Germany,Male,20,10,137395.9141805359,2,0,0,177977.84645743258,0
393,15781408,Smith,845,France,Male,43,1,225080.31701856788,1,1,1,163573.08256794934,1
394,15718015,Smith,660,France,Male,89,2,101059.9324110523,1,0,1,102034.57460746009,0
395,15626641,Smith,355,France,Female,65,6,80270.27427176254,2,0,0,147250.59962866528,1
396,15765656,Smith,825,France,Female,83,7,187462.69110911657,4,0,1,102584.28213320668,1
397,15763817,Smith,814,Spain,Male,87,5,103168.83152084915,3,0,0,173922.52043413074,1
398,15754165,Smith,546,Spain,Male,45,10,161524.04375126574,4,1,0,80561.13888824765,1
399,15797177,Smith,700,Germany,Male,43,4,161612.52253115174,4,1,1,194047.36652953122,1
400,15703746,Smith,482,Germany,Female,42,0,222009.76609002944,1,0,1,186465.22841819323,0
401,15782957,Smith,707,Germany,Male,29,7,149673.10057977436,3,0,0,148323.1078641626,1
402,15636631,Smith,608,France,Female,22,2,125538.40249049672,3,0,0,55890.38267637264,1
403,15672991,Smith,786,France,Female,65,5,34717.83159912925,4,0,1,26339.401222763747,1
404,15604014,Smith,372,Spain,Female,54,2,28934.40166967634,2,1,0,170942.14298413857,1
405,15611093,Smith,834,France,Male,61,6,38580.39132076985,4,0,1,33068.80420473088,1
406,15618070,Smith,402,France,Female,32,6,42962.12033177363,2,1,0,170853.61519157718,0
407,15635777,Smith,514,France,Male,60,8,159469.27316590847,3,0,0,98158.09369240496,1
408,15656958,Smith,551,Germany,Female,65,4,185245.31256864461,4,0,1,81317.29119378276,1
409,15682074,Smith,807,Germany,Male,87,7,132497.88073160467,1,0,1,180639.12385909748,0
410,15610729,Smith,432,Spain,Female,63,9,207254.43313637277,4,0,1,120774.15799823018,1
411,15776089,Smith,494,France,Male,60,9,247815.8066834083,3,1,1,115327.03528587226,1
412,15797392,Smith,434,France,Female,38,7,205003.157279839,1,1,1,111757.60126543329,0
413,15758823,Smith,427,Spain,Male,40,0,173720.5934189898,1,1,1,74240.19150874608,1
414,15705864,Smith,806,France,Male,64,4,133123.17485928666,2,0,1,157130.76427479016,0
415,15730858,Smith,715,France,Male,32,2,112213.26791867705,1,0,0,50567.160818714445,0
416,15705510,Smith,350,Germany,Male,42,0,21098.095136135587,1,1,0,187779.60305865458,1
417,15654748,Smith,400,Spain,Female,53,3,99842.18709867273,4,1,0,178798.10115734168,1
418,15605801,Smith,522,Spain,Female,68,7,227533.65919553358,3,0,1,67502.69033172289,1
419,15750262,Smith,554,Spain,Male,32,2,202005.65747663824,2,0,1,145895.45932863443,0
420,15780761,Smith,609,Spain,Female,85,9,54012.841252921804,4,1,1,114648.9066579738,1
421,15782065,Smith,795,Germany,Male,38,1,116651.94617430397,1,0,0,67536.48390682692,1
422,15629592,Smith,798,Germany,Male,30,10,204180.80063963615,1,0,1,197704.4443826094,0
423,15610647,Smith,718,France,Female,36,8,16846.13869638063,2,1,1,5057.216796194358,0
424,15739788,Smith,837,France,Male,51,9,96848.14641716483,3,0,0,50536.679663951116,1
425,15710627,Smith,637,France,Male,85,4,212960.30921848692,2,1,1,104019.61148161897,0
426,15670316,Smith,383,France,Female,69,6,100974.46604253094,4,0,0,104395.38116567799,1
427,15602368,Smith,697,Germany,Male,44,10,19403.661182860214,2,1,0,117790.72565836337,0
428,15677575,Smith,444,Spain,Male,46,10,135633.59213306286,1,0,1,150337.71764286363,1
429,15606655,Smith,421,Germany,Male,45,1,215435.62372957382,4,1,1,124699.33132555409,1
430,15670031,Smith,388,France,Male,52,8,147571.38573828992,1,1,1,120060.28929100212,1
431,15687922,Smith,503,Germany,Female,25,8,56569.777053557955,3,1,0,10712.357437979528,1
432,15786838,Smith,599,Spain,Female,33,3,96059.90503434533,1,1,0,75312.29225498177,0
433,15724046,Smith,511,Spain,Female,53,3,112530.84029548305,1,0,0,46418.82738283419,1
434,15744475,Smith,787,Germany,Male,47,5,144816.5884551317,2,0,1,53081.36861927907,1
435,15632097,Smith,467,Germany,Male,35,9,189837.75643815327,1,1,1,110871.95149332557,0
436,15742038,Smith,608,Germany,Female,19,9,24718.40441015885,4,0,1,39909.06793277239,0
437,15724862,Smith,728,France,Male,66,9,222413.00825439158,4,0,1,58796.88071236934,1
438,15718834,Smith,655,Germany,Male,21,5,3077.425754018898,3,0,0,47424.570856382845,0
439,15693848,Smith,617,Germany,Male,24,0,92513.0836685638,4,0,0,189701.10361420678,1
440,15652921,Smith,798,Germany,Male,91,8,6855.077493164413,2,0,0,188933.69977689732,0
441,15780798,Smith,403,Spain,Female,56,1,98243.55633632281,3,1,0,121992.21230362439,1
442,15726141,Smith,585,Spain,Female,30,4,131453.14971833094,4,1,1,184905.24852169267,1
443,15781372,Smith,738,France,Female,48,8,127920.34664537794,2,1,1,157164.67096721995,0
444,15622677,Smith,827,France,Male,88,3,41407.08675706634,4,1,1,117993.67708153374,0
445,15655609,Smith,571,Spain,Female,80,10,161435.12752390307,4,0,0,1296.9779472441744,1
446,15787733,Smith,600,Spain,Female,73,2,11194.612626167056,1,0,0,154505.53205302003,1
447,15631024,Smith,662,Spain,Male,59,6,190476.70503310385,4,1,1,140500.64343427788,1
448,15670313,Smith,750,Germany,Male,78,5,236661.10849838657,4,0,1,123054.57811994998,1
449,15727813,Smith,461,Germany,Female,59,7,84942.20678777948,2,0,0,152087.25809337752,1
450,15784078,Smith,604,Spain,Female,73,2,129309.84542858298,2,1,1,102589.3037333054,0
451,15695285,Smith,652,Germany,Female,53,4,94727.5695147036,1,0,0,140819.6134315546,1
452,15746410,Smith,756,Germany,Female,85,9,1677.5975760149886,4,1,0,187035.0656244314,1
453,15799099,Smith,556,France,Male,24,3,96468.62572377898,1,1,0,75167.24511905879,0
454,15713632,Smith,578,Spain,Female,71,3,197930.06481533663,4,0,1,141627.2857617761,1
455,15750580,Smith,690,Spain,Female,18,3,148997.21054587045,3,0,1,95142.80672401164,1
456,15603051,Smith,747,Germany,Male,61,9,25314.97865378973,3,1,0,134883.18636627815,1
457,15779819,Smith,415,Spain,Female,62,7,211784.87242344627,1,1,1,152581.03817751727,1
458,15714692,Smith,424,France,Male,64,5,132771.33622131072,1,0,0,9100.045562154834,1
459,15687235,Smith,784,France,Male,30,2,210430.84043616903,1,1,0,129323.62278529289,1
460,15785093,Smith,452,France,Male,39,9,145055.37969625735,2,1,0,45355.96946954485,0
461,15797484,Smith,771,Spain,Female,38,4,139922.11120948498,2,1,0,134009.80723613527,0
462,15789407,Smith,541,Spain,Female,26,5,26314.796299253096,2,0,1,93671.35388490336,0
463,15787251,Smith,601,Spain,Male,43,4,41839.93328465699,1,1,0,154712.8128455588,1
464,15763165,Smith,575,Spain,Female,26,5,243006.3141241478,4,0,0,24688.92903296723,1
465,15770806,Smith,643,Spain,Female,32,7,57121.686688692695,3,1,1,125268.20710772245,1
466,15673523,Smith,655,France,Male,27,6,244363.02949759198,1,0,0,55701.36107822118,1
467,15694476,Smith,447,Germany,Male,59,4,132978.17663106584,2,1,0,170597.869246165,1
468,15617019,Smith,687,France,Female,89,9,33947.26176598428,2,0,1,185677.41729220512,0
469,15683613,Smith,635,Spain,Male,41,5,24825.550688423238,1,0,1,199279.6947528743,1
470,15686672,Smith,684,France,Female,66,3,52216.017676434996,1,0,1,159203.5204114324,0
471,15673847,Smith,696,Spain,Female,43,8,231409.33250633394,2,1,0,150749.27674489663,1
472,15682750,Smith,784,Spain,Female,54,3,103537.5560820567,4,1,1,43107.99676592153,1
473,15628251,Smith,796,France,Female,85,0,98858.56699822859,2,1,1,67208.05172743184,0
474,15703481,Smith,831,Spain,Male,67,6,78301.5652675435,2,0,0,93141.85152703828,1
475,15712566,Smith,657,Germany,Male,41,6,36765.46264164709,1,1,0,154678.47574597213,1
476,15625945,Smith,598,Spain,Male,36,3,121962.79929810161,4,0,0,182994.02335694295,1
477,15690852,Smith,515,Germany,Male,77,2,32511.945627784673,2,1,0,37835.92861359669,0
478,15632217,Smith,830,Germany,Female,56,7,208870.0590955819,2,0,0,184474.27325917387,1
479,15608308,Smith,821,Spain,Female,91,4,92599.24656882662,3,0,1,139127.97422428807,1
480,15605949,Smith,684,France,Male,35,9,93700.89194544908,1,0,1,122158.03842970087,0
481,15783062,Smith,379,Germany,Female,36,6,118501.60712078898,3,1,1,39976.255843675084,1
482,15732222,Smith,596,France,Female,53,3,111031.9282914379,3,1,0,11114.45131150202,1
483,15700235,Smith,455,Germany,Female,91,3,248714.49326483038,2,1,0,113697.2950526029,0
484,15674740,Smith,400,Spain,Male,72,7,136345.28030457563,1,0,0,130306.6215089452,1
485,15716352,Smith,430,Spain,Male,86,7,22050.425947467673,4,0,1,42164.1820564441,1
486,15666617,Smith,482,Germany,Male,64,1,151719.3353942325,2,1,1,111295.67660303303,0
487,15616896,Smith,634,Spain,Female,66,1,37896.07321746999,4,1,0,171300.1156184871,1
488,15730798,Smith,737,Germany,Male,50,2,7734.4111828354935,4,1,1,167014.83843154946,1
489,15777247,Smith,487,Spain,Male,38,2,242685.53841931204,1,0,0,185471.76256545357,1
490,15738877,Smith,533,France,Male,39,0,193384.72288364096,3,0,1,73183.50305328052,1
491,15605237,Smith,750,Spain,Male,65,2,245027.24810344173,1,0,1,63616.734014458234,1
492,15620056,Smith,679,France,Male,54,5,119469.61200556062,4,0,1,149887.70693610192,1
493,15776615,Smith,622,Spain,Male,32,7,133064.38278724402,2,0,0,86228.16989535003,0
494,15787628,Smith,689,France,Female,52,9,42084.23897978256,4,1,1,17518.857318915845,1
495,15714548,Smith,821,Spain,Female,88,5,61726.8566668964,2,0,1,56567.39812279324,0
496,15711488,Smith,418,France,Male,49,4,209637.30372570705,2,0,0,83722.2712834425,1
497,15734415,Smith,383,Germany,Male,28,3,89046.41177939854,1,0,1,58510.35993099564,0
498,15744572,Smith,611,Germany,Female,27,2,206703.74344910475,4,0,0,66447.79213375485,1
499,15784294,Smith,402,France,Female,90,3,177253.43107175795,3,0,0,58762.24347581641,1
500,15629375,Smith,799,Spain,Male,74,6,44292.731317966376,4,1,0,8309.418444944058,1
